title,channel,category_id,published_at,views,likes,comments
The RajaSaab Telugu Teaser | Prabhas | Maruthi | Thaman | TG Vishwa Prasad | Dec 5 2025,People Media Factory,24,2025-06-16T06:05:42Z,17022062,615434,16690
NEW! Taarak Mehta Ka Ooltah Chashmah | Ep 4426 | 17 June 2025 | Teaser,Sony SAB,24,2025-06-17T15:30:10Z,1602717,32398,698
World‚Äôs Best Cricketers Vs Impossible Batting Challenge üèè,Red Bull,17,2025-06-16T11:01:32Z,4936114,194864,4920
"Iran Israel Conflict ‡§¨‡§¢‡§º‡§æ, Iran ‡§Æ‡•á‡§Ç ‡§ß‡§Æ‡§æ‡§ï‡•á, Israel ‡§Æ‡•á‡§Ç ‡§ó‡§ø‡§∞‡•Ä ‡§Æ‡§ø‡§∏‡§æ‡§á‡§≤‡•á‡§Ç, Trump ‡§ï‡§æ ‡§ï‡•ç‡§Ø‡§æ ‡§π‡•à ‡§™‡•ç‡§≤‡§æ‡§®?",BBC News Hindi,25,2025-06-17T17:01:03Z,897299,0,1532
Our New Car DEFENDER met with an Accident PRANKüòÇ,Fukra Insaan,24,2025-06-15T08:17:35Z,7082924,348821,9799
EMIWAY BANTAI - PAISA PAISA | ( MUSIC BY TONY JAMES ) | OFFICIAL MUSIC VIDEO,Emiway Bantai,10,2025-06-16T19:44:49Z,1337283,202976,16911
Kuberaa Official Trailer ‚Äì Tamil | Dhanush | Nagarjuna | Rashmika Mandanna | Sekhar Kammula | DSP,Aditya Music Tamil,10,2025-06-15T16:34:33Z,6603266,181521,0
Kannappa Official Trailer- Telugu | Vishnu Manchu | Mohan Babu | Prabhas | Mohanlal | Akshay Kumar,T-Series Telugu,10,2025-06-14T12:45:22Z,5655604,238808,12773
GULZAAR CHHANIWALA - Tandav ( Official Video ) | New Haryanvi Song 2025,Gulzaar Chhaniwala,10,2025-06-17T07:50:27Z,299161,33447,4701
"[HINDI] realme BMPS 2025 |  Group A, B, C & D | Semi Finals Week 1 - Day 3",KRAFTON INDIA ESPORTS,20,2025-06-16T15:18:13Z,2569316,71178,254
‡¥™‡µç‡¥∞‡¥∏‡¥µ‡¥ø‡¥ö‡µç‡¥ö‡µç ‡¥ï‡¥ø‡¥ü‡¥ï‡µç‡¥ï‡µÅ‡¥®‡µç‡¥® ‡¥Æ‡¥ï‡¥≥‡µÜ ‡¥ï‡¥æ‡¥£‡¥æ‡µª ‡¥Æ‡¥∞‡µÅ‡¥Æ‡¥ï‡µª ‡¥µ‡¥®‡µç‡¥®‡¥æ‡µΩ../rubeenasiraj/malayalam shortfilm,Rubeena siraj,24,2025-06-17T05:40:00Z,135946,794,72
Helicopter Crash: ‡§™‡§æ‡§Ø‡§≤‡§ü Rajveer Singh ‡§ï‡§æ ‡§∂‡§µ ‡§¶‡•á‡§ñ ‡§∞‡•ã‡§®‡•á ‡§≤‡§ó‡•Ä‡§Ç‡§Ç ‡§ï‡§∞‡•ç‡§®‡§≤ ‡§™‡§§‡•ç‡§®‡•Ä | Kedarnath Helicopter Crash,Amar Ujala,25,2025-06-17T07:17:25Z,997520,4338,257
Panchayat Season 4 - Official Trailer | Premieres 24th June on @PrimeVideoIN,The Viral Fever,24,2025-06-17T08:28:51Z,1828282,57562,1308
Hotstar Specials Special Ops 2 | Official Trailer | Kay Kay Menon | July 11 | JioHotstar,JioHotstar,24,2025-06-16T07:56:25Z,8899045,62518,3227
Amritpal Mehron ‡®¶‡©á ‡®™‡®∞‡®ø‡®µ‡®æ‡®∞ ‡®®‡©Ç‡©∞ ‡®Æ‡®ø‡®≤‡®£ ‡®™‡®π‡©Å‡©∞‡®ö‡©á ‡®∏‡®æ‡®Ç‡®∏‡®¶ ‡®≠‡®æ‡®à Sarabjit Singh Khalsa | ZPHH,Zee Punjab Haryana Himachal,25,2025-06-17T08:26:43Z,115990,2501,327
Shaadi ke Clothes ka Trial,Wanderers Live,22,2025-06-16T05:43:39Z,2146430,61131,2499
Chinna Marumagal | 17th to 20th June 2025 - Promo,Vijay Television,24,2025-06-17T08:09:21Z,2315415,52994,180
Pre Finale ‡∞π‡∞°‡∞æ‡∞µ‡∞ø‡∞°‡∞ø || Kiraack Boys Khiladi Girls 2 || Sreemukhi,Sreemukhi,24,2025-06-17T05:30:26Z,417089,6651,311
Kal Wale Doctor Ne Di Galat Salah,Family Fitness,24,2025-06-17T10:12:58Z,471513,17267,1407
"[HINDI] realme BMPS 2025 | Group A, B, C & D | Semi Finals Week 1 - Day 2",KRAFTON INDIA ESPORTS,20,2025-06-15T15:55:53Z,2598165,77465,307
‡Æé‡Æ©‡Øç‡Æ©‡Æü‡Ææ ‡ÆÖ‡Æ®‡Øç‡Æ§‡Ææ‡Æ≥‡ØÅ ‡Æá‡Æ∞‡ØÅ‡Æï‡Øç‡Æï‡ØÅ‡ÆÆ‡Øç‡Æ™‡Øã‡Æ§‡ØÅ ‡ÆÆ‡Æü‡Øç‡Æü‡ØÅ‡ÆÆ‡Øç ‡Æ™‡Ææ‡Æï‡Øç‡Æï‡ØÅ‡Æ±‡Ææ‡Æ≥‡Øá‡Æ©‡Øç‡Æ©‡ØÅ | Dada movie | Kavin | Aparna Das | Pradeep,KalaignarTV Movies,1,2025-06-14T13:31:01Z,1324804,11044,88
Duaon Ke Liye Dil Se Shukriya üôèüèª,Dipika Ki Duniya,22,2025-06-16T16:37:16Z,861681,54866,5554
NEW! Ep 4426 - ‡§¨‡§ø‡§≤‡•ç‡§≤‡•Ä Dekh Kar ‡§ï‡•ç‡§Ø‡•ã‡§Ç ‡§°‡§∞ ‡§ó‡§è  Gokuldham Wale?! | Taarak Mehta ka Ooltah Chashmah,Taarak Mehta Ka Ooltah Chashmah,23,2025-06-17T15:30:24Z,1164053,21121,396
I TRIED 7 WEIRD GADGETS,TechShot,28,2025-06-15T10:30:07Z,1401738,54651,2680
"[HINDI] realme BMPS 2025 | Group A, B, C & D | Semi Finals Week 1 - Day 1",KRAFTON INDIA ESPORTS,20,2025-06-14T16:06:47Z,2239438,68805,284
